"","X.SampleID","Sequence.Count","BarcodeSequence","LinkerPrimerSequence","SampleName","Genotype","Resistance","CuttingLocation","Replicate","SampleTime","Description","HostSpecies"
"10","10",47145,"CTCATGGTAGCA","NA","LW9","D411","resistant","WV",2,"T0","Leaf Surface","trichocarpa"
"11","11",17195,"CAGCTGGTTCAA","NA","LW10","GW9823","resistant","Clatskanie",1,"T0","Leaf Surface","trichocarpa"
"12","12",3996,"TAGCGTTCCAGA","NA","LW11","GW9823","resistant","Clatskanie",2,"T0","Leaf Surface","trichocarpa"
"15","15",38618,"CCTGCGAAGTAT","NA","LW14","BESC22","resistant","Corvallis",14,"June","Leaf Surface","trichocarpa"
"16","16",34103,"TACGCGTACAGT","NA","LW15","BESC22","resistant","Corvallis",9,"June","Leaf Surface","trichocarpa"
"18","18",67934,"TACACGCTGATG","NA","LW17","BESC71","susceptible","Corvallis",12,"June","Leaf Surface","trichocarpa"
"19","19",110386,"ATTGGACACGCT","NA","LW18","BESC71","susceptible","Clatskanie",24,"June","Leaf Surface","trichocarpa"
"20","20",75864,"CTACTAGCGGTA","NA","LW19","BESC71","susceptible","Clatskanie",42,"June","Leaf Surface","trichocarpa"
"21","21",140298,"ACGTGCCTTAGA","NA","LW20","BESC71","susceptible","Corvallis",16,"June","Leaf Surface","trichocarpa"
"22","22",94344,"CGGTTCACATAG","NA","LW21","BESC71","susceptible","Clatskanie",4,"June","Leaf Surface","trichocarpa"
"23","23",51721,"GTAACGGCTCTA","NA","LW22","BESC71","susceptible","Corvallis",2,"June","Leaf Surface","trichocarpa"
"24","24",253730,"TTAGAGCCATGC","NA","LW23","BESC103","susceptible","Corvallis",10,"June","Leaf Surface","trichocarpa"
"25","25",190233,"GTACGCACAGTT","NA","R1","BESC71","susceptible","Clatskanie",1,"T0","Rhizosphere","trichocarpa"
"26","26",188179,"GACTAGTCAGCT","NA","R1_5","BESC71","susceptible","Clatskanie",2,"T0","Rhizosphere","trichocarpa"
"27","27",180639,"CTCTGAGGTAAC","NA","R2","BESC148","susceptible","Clatskanie",2,"T0","Rhizosphere","trichocarpa"
"28","28",181255,"TCACTGCTAGGA","NA","R3","BESC148","susceptible","Clatskanie",1,"T0","Rhizosphere","trichocarpa"
"29","29",192877,"TCCAGATAGCGT","NA","R4","BESC801","susceptible","Clatskanie",1,"T0","Rhizosphere","trichocarpa"
"30","30",260657,"GCTCACAATGTG","NA","R5","BESC801","susceptible","Clatskanie",2,"T0","Rhizosphere","trichocarpa"
"31","31",249617,"TAATCGGTGCCA","NA","R6","BESC835","resistant","Clatskanie",2,"T0","Rhizosphere","trichocarpa"
"32","32",235037,"GATTGTGCAACC","NA","R7","BESC835","resistant","Clatskanie",1,"T0","Rhizosphere","trichocarpa"
"33","33",236850,"ACGCAATGTCTG","NA","R8","D411","resistant","WV",1,"T0","Rhizosphere","trichocarpa"
"34","34",256991,"GCTATGGAACTC","NA","R9","D411","resistant","WV",2,"T0","Rhizosphere","trichocarpa"
"35","35",207985,"TTCGCAGATACG","NA","R10","GW9823","resistant","Clatskanie",1,"T0","Rhizosphere","trichocarpa"
"36","36",222202,"GCTATATCCAGG","NA","R11","GW9823","resistant","Clatskanie",2,"T0","Rhizosphere","trichocarpa"
"37","37",153569,"TCGCATGGATAC","NA","R12","DD176","resistant","WV",2,"T0","Rhizosphere","deltoides"
"38","38",158122,"AGTATTCGCGCA","NA","R13","DD176","resistant","WV",1,"T0","Rhizosphere","deltoides"
"39","39",108213,"GGTAACCTCTGA","NA","R14","BESC22","resistant","Corvallis",14,"June","Rhizosphere","trichocarpa"
"40","40",47085,"AGCGAACCTGTT","NA","R15","BESC22","resistant","Corvallis",9,"June","Rhizosphere","trichocarpa"
"41","41",161323,"GTCTTCAGCAAG","NA","R16","BESC22","resistant","Corvallis",6,"June","Rhizosphere","trichocarpa"
"42","42",218011,"CTTAGAACGTGC","NA","R17","BESC71","susceptible","Corvallis",12,"June","Rhizosphere","trichocarpa"
"43","43",199226,"GACTTCATGCGA","NA","R18","BESC71","susceptible","Clatskanie",24,"June","Rhizosphere","trichocarpa"
"44","44",203421,"CCATGCTTAGAG","NA","R19","BESC71","susceptible","Clatskanie",42,"June","Rhizosphere","trichocarpa"
"45","45",231770,"GCGTCCATGAAT","NA","R20","BESC71","susceptible","Corvallis",16,"June","Rhizosphere","trichocarpa"
"46","46",231858,"CGATAGGCCTTA","NA","R21","BESC71","susceptible","Clatskanie",4,"June","Rhizosphere","trichocarpa"
"47","47",205174,"GAGAGTCCACTT","NA","R22","BESC71","susceptible","Corvallis",2,"June","Rhizosphere","trichocarpa"
"48","48",242069,"TAAGGCATCGCT","NA","R23","BESC103","susceptible","Corvallis",10,"June","Rhizosphere","trichocarpa"
"49","49",3397,"TATGAACGTCCG","NA","L1","BESC71","susceptible","Clatskanie",1,"T0","Leaf Endosphere","trichocarpa"
"5","5",13674,"TCAGCTGACTAG","NA","LW4","BESC801","susceptible","Clatskanie",1,"T0","Leaf Surface","trichocarpa"
"50","50",12696,"GCATTACTGGAC","NA","L1_5","BESC71","susceptible","Clatskanie",2,"T0","Leaf Endosphere","trichocarpa"
"51","51",14152,"CCTAGTAAGCTG","NA","L2","BESC148","susceptible","Clatskanie",2,"T0","Leaf Endosphere","trichocarpa"
"52","52",1856,"TTACCGACGAGT","NA","L3","BESC148","susceptible","Clatskanie",1,"T0","Leaf Endosphere","trichocarpa"
"53","53",3793,"CTAGGATCACTG","NA","L4","BESC801","susceptible","Clatskanie",1,"T0","Leaf Endosphere","trichocarpa"
"56","56",87944,"CGTGCACAATTG","NA","L7","BESC835","resistant","Clatskanie",1,"T0","Leaf Endosphere","trichocarpa"
"57","57",6989,"AACTCCTGTGGA","NA","L8","D411","resistant","WV",1,"T0","Leaf Endosphere","trichocarpa"
"58","58",19064,"ATGGCCTGACTA","NA","L9","D411","resistant","WV",2,"T0","Leaf Endosphere","trichocarpa"
"59","59",9457,"GGCCTATAAGTC","NA","L10","GW9823","resistant","Clatskanie",1,"T0","Leaf Endosphere","trichocarpa"
"60","60",13114,"CACGATGGTCAT","NA","L11","GW9823","resistant","Clatskanie",2,"T0","Leaf Endosphere","trichocarpa"
"61","61",17235,"ATCGCTTAAGGC","NA","L12","DD176","resistant","WV",2,"T0","Leaf Endosphere","deltoides"
"62","62",4407,"GTGAGTCATACC","NA","L13","DD176","resistant","WV",1,"T0","Leaf Endosphere","deltoides"
"65","65",22245,"TCTGTAGAGCCA","NA","L16","BESC22","resistant","Corvallis",6,"June","Leaf Endosphere","trichocarpa"
"66","66",5042,"AGTGGCACTATC","NA","L17","BESC71","susceptible","Corvallis",12,"June","Leaf Endosphere","trichocarpa"
"67","67",10830,"CTGCATACTGAG","NA","L18","BESC71","susceptible","Clatskanie",24,"June","Leaf Endosphere","trichocarpa"
"7","7",21666,"TAAGTCGGCCTA","NA","LW6","BESC835","resistant","Clatskanie",2,"T0","Leaf Surface","trichocarpa"
"70","70",9375,"GCTCGAAGATTC","NA","L21","BESC71","susceptible","Clatskanie",4,"June","Leaf Endosphere","trichocarpa"
"71","71",4937,"CCGACATTGTAG","NA","L22","BESC71","susceptible","Corvallis",2,"June","Leaf Endosphere","trichocarpa"
"72","72",5684,"CTATTAAGCGGC","NA","L23","BESC103","susceptible","Corvallis",10,"June","Leaf Endosphere","trichocarpa"
"73","73",183501,"GATACGTTCGCA","NA","E1","BESC71","susceptible","Clatskanie",1,"T0","Root Endosphere","trichocarpa"
"74","74",81951,"TGAACTAGCGTC","NA","E1_5","BESC71","susceptible","Clatskanie",2,"T0","Root Endosphere","trichocarpa"
"75","75",24629,"TCGTGACGCTAA","NA","E2","BESC148","susceptible","Clatskanie",2,"T0","Root Endosphere","trichocarpa"
"77","77",47368,"TATTCAGCGGAC","NA","E4","BESC801","susceptible","Clatskanie",1,"T0","Root Endosphere","trichocarpa"
"80","80",91859,"GTAGCACTCATG","NA","E7","BESC835","resistant","Clatskanie",1,"T0","Root Endosphere","trichocarpa"
"81","81",18522,"TAGACACCGTGT","NA","E8","D411","resistant","WV",1,"T0","Root Endosphere","trichocarpa"
"83","83",24186,"CGTAAGATGCCT","NA","E10","GW9823","resistant","Clatskanie",1,"T0","Root Endosphere","trichocarpa"
"85","85",17812,"TTAAGCGCCTGA","NA","E12","DD176","resistant","WV",2,"T0","Root Endosphere","deltoides"
"86","86",53496,"AGACGTTGCTAC","NA","E13","DD176","resistant","WV",1,"T0","Root Endosphere","deltoides"
"87","87",105878,"AGCCTCATGATG","NA","E14","BESC22","resistant","Corvallis",14,"June","Root Endosphere","trichocarpa"
"90","90",115055,"TTGCAAGTACCG","NA","E17","BESC71","susceptible","Corvallis",12,"June","Root Endosphere","trichocarpa"
"91","91",48081,"ATAAGGTCGCCT","NA","E18","BESC71","susceptible","Clatskanie",24,"June","Root Endosphere","trichocarpa"
"92","92",91609,"ACTAGTTGGACC","NA","E19","BESC71","susceptible","Clatskanie",42,"June","Root Endosphere","trichocarpa"
"96","96",93285,"TAGTAGCACCTG","NA","E23","BESC103","susceptible","Corvallis",10,"June","Root Endosphere","trichocarpa"
"100","100",137664,"TTGTAGCCGACA","NA","LW27","BESC103","susceptible","Corvallis",4,"June","Leaf Surface","trichocarpa"
"101","101",73317,"TCAGCTGACTAG","NA","LW28","BESC148","susceptible","Corvallis",3,"June","Leaf Surface","trichocarpa"
"102","102",130914,"TGGTCCTACAAG","NA","LW29","BESC148","susceptible","Clatskanie",7,"June","Leaf Surface","trichocarpa"
"103","103",17626,"TAAGTCGGCCTA","NA","LW30","BESC148","susceptible","Clatskanie",12,"June","Leaf Surface","trichocarpa"
"104","104",125235,"TGCATACACTGG","NA","LW31","BESC148","susceptible","Corvallis",11,"June","Leaf Surface","trichocarpa"
"105","105",125845,"TAGAAGGCTCCT","NA","LW32","BESC148","susceptible","Corvallis",8,"June","Leaf Surface","trichocarpa"
"106","106",17727,"CTCATGGTAGCA","NA","LW33","BESC148","susceptible","Clatskanie",28,"June","Leaf Surface","trichocarpa"
"107","107",247683,"CAGCTGGTTCAA","NA","LW34","BESC261","resistant","Corvallis",16,"June","Leaf Surface","trichocarpa"
"108","108",57527,"TAGCGTTCCAGA","NA","LW35","BESC261","resistant","Corvallis",3,"June","Leaf Surface","trichocarpa"
"109","109",113636,"CCAGAAGTGTTC","NA","LW36","BESC261","resistant","Corvallis",9,"June","Leaf Surface","trichocarpa"
"110","110",95986,"ACGATCATCTGG","NA","LW37","BESC801","susceptible","Clatskanie",17,"June","Leaf Surface","trichocarpa"
"111","111",164343,"CCTGCGAAGTAT","NA","LW38","BESC801","susceptible","Clatskanie",40,"June","Leaf Surface","trichocarpa"
"112","112",97674,"TACGCGTACAGT","NA","LW39","BESC801","susceptible","Corvallis",6,"June","Leaf Surface","trichocarpa"
"113","113",313730,"CCGTCAAGATGT","NA","LW40","BESC801","susceptible","Corvallis",10,"June","Leaf Surface","trichocarpa"
"114","114",46923,"TACACGCTGATG","NA","LW41","BESC801","susceptible","Corvallis",15,"June","Leaf Surface","trichocarpa"
"115","115",113977,"ATTGGACACGCT","NA","LW42","BESC835","resistant","Clatskanie",20,"June","Leaf Surface","trichocarpa"
"116","116",305395,"CTACTAGCGGTA","NA","LW43","BESC835","resistant","Clatskanie",3,"June","Leaf Surface","trichocarpa"
"117","117",65304,"ACGTGCCTTAGA","NA","LW44","BESC835","resistant","Clatskanie",47,"June","Leaf Surface","trichocarpa"
"118","118",6644,"CGGTTCACATAG","NA","LW45","BESC835","resistant","Corvallis",17,"June","Leaf Surface","trichocarpa"
"119","119",145099,"GTAACGGCTCTA","NA","LW46","BESC835","resistant","Corvallis",11,"June","Leaf Surface","trichocarpa"
"120","120",174459,"TTAGAGCCATGC","NA","LW47","BESC835","resistant","Corvallis",9,"June","Leaf Surface","trichocarpa"
"121","121",357884,"GTACGCACAGTT","NA","R24","BESC103","susceptible","Clatskanie",47,"June","Rhizosphere","trichocarpa"
"122","122",391269,"GACTAGTCAGCT","NA","R25","BESC103","susceptible","Corvallis",15,"June","Rhizosphere","trichocarpa"
"123","123",182568,"CTCTGAGGTAAC","NA","R26","BESC103","susceptible","Clatskanie",9,"June","Rhizosphere","trichocarpa"
"124","124",189440,"TCACTGCTAGGA","NA","R27","BESC103","susceptible","Corvallis",4,"June","Rhizosphere","trichocarpa"
"125","125",183182,"TCCAGATAGCGT","NA","R28","BESC148","susceptible","Corvallis",3,"June","Rhizosphere","trichocarpa"
"126","126",165748,"GCTCACAATGTG","NA","R29","BESC148","susceptible","Clatskanie",7,"June","Rhizosphere","trichocarpa"
"127","127",227165,"TAATCGGTGCCA","NA","R30","BESC148","susceptible","Clatskanie",12,"June","Rhizosphere","trichocarpa"
"128","128",206374,"GATTGTGCAACC","NA","R31","BESC148","susceptible","Corvallis",11,"June","Rhizosphere","trichocarpa"
"129","129",210685,"ACGCAATGTCTG","NA","R32","BESC148","susceptible","Corvallis",8,"June","Rhizosphere","trichocarpa"
"130","130",174204,"GCTATGGAACTC","NA","R33","BESC148","susceptible","Clatskanie",28,"June","Rhizosphere","trichocarpa"
"131","131",141536,"TTCGCAGATACG","NA","R34","BESC261","resistant","Corvallis",16,"June","Rhizosphere","trichocarpa"
"132","132",361842,"GCTATATCCAGG","NA","R35","BESC261","resistant","Corvallis",3,"June","Rhizosphere","trichocarpa"
"133","133",144267,"TCGCATGGATAC","NA","R36","BESC261","resistant","Corvallis",9,"June","Rhizosphere","trichocarpa"
"134","134",163007,"AGTATTCGCGCA","NA","R37","BESC801","susceptible","Clatskanie",17,"June","Rhizosphere","trichocarpa"
"135","135",177509,"GGTAACCTCTGA","NA","R38","BESC801","susceptible","Clatskanie",40,"June","Rhizosphere","trichocarpa"
"136","136",177685,"AGCGAACCTGTT","NA","R39","BESC801","susceptible","Corvallis",6,"June","Rhizosphere","trichocarpa"
"137","137",141333,"GTCTTCAGCAAG","NA","R40","BESC801","susceptible","Corvallis",10,"June","Rhizosphere","trichocarpa"
"138","138",204645,"CTTAGAACGTGC","NA","R41","BESC801","susceptible","Corvallis",15,"June","Rhizosphere","trichocarpa"
"139","139",153349,"GACTTCATGCGA","NA","R42","BESC835","resistant","Clatskanie",20,"June","Rhizosphere","trichocarpa"
"140","140",172358,"CCATGCTTAGAG","NA","R43","BESC835","resistant","Clatskanie",3,"June","Rhizosphere","trichocarpa"
"141","141",183589,"GCGTCCATGAAT","NA","R44","BESC835","resistant","Clatskanie",47,"June","Rhizosphere","trichocarpa"
"142","142",167149,"CGATAGGCCTTA","NA","R45","BESC835","resistant","Corvallis",17,"June","Rhizosphere","trichocarpa"
"143","143",162469,"GAGAGTCCACTT","NA","R46","BESC835","resistant","Corvallis",11,"June","Rhizosphere","trichocarpa"
"144","144",174048,"TAAGGCATCGCT","NA","R47","BESC835","resistant","Corvallis",9,"June","Rhizosphere","trichocarpa"
"149","149",1635,"CTAGGATCACTG","NA","L28","BESC148","susceptible","Corvallis",3,"June","Leaf Endosphere","trichocarpa"
"150","150",1924,"GAGCCATCTGTA","NA","L29","BESC148","susceptible","Clatskanie",7,"June","Leaf Endosphere","trichocarpa"
"152","152",1569,"CGTGCACAATTG","NA","L31","BESC148","susceptible","Corvallis",11,"June","Leaf Endosphere","trichocarpa"
"153","153",3273,"AACTCCTGTGGA","NA","L32","BESC148","susceptible","Corvallis",8,"June","Leaf Endosphere","trichocarpa"
"155","155",18352,"GGCCTATAAGTC","NA","L34","BESC261","resistant","Corvallis",16,"June","Leaf Endosphere","trichocarpa"
"157","157",6307,"ATCGCTTAAGGC","NA","L36","BESC261","resistant","Corvallis",9,"June","Leaf Endosphere","trichocarpa"
"158","158",37763,"GTGAGTCATACC","NA","L37","BESC801","susceptible","Clatskanie",17,"June","Leaf Endosphere","trichocarpa"
"161","161",2916,"TCTGTAGAGCCA","NA","L40","BESC801","susceptible","Corvallis",10,"June","Leaf Endosphere","trichocarpa"
"169","169",61525,"GATACGTTCGCA","NA","E24","BESC103","susceptible","Clatskanie",47,"June","Root Endosphere","trichocarpa"
"170","170",4472,"TGAACTAGCGTC","NA","E25","BESC103","susceptible","Corvallis",15,"June","Root Endosphere","trichocarpa"
"171","171",33552,"TCGTGACGCTAA","NA","E26","BESC103","susceptible","Clatskanie",9,"June","Root Endosphere","trichocarpa"
"172","172",31680,"GCTCCTTAGAAG","NA","E27","BESC103","susceptible","Corvallis",4,"June","Root Endosphere","trichocarpa"
"173","173",8485,"TATTCAGCGGAC","NA","E28","BESC148","susceptible","Corvallis",3,"June","Root Endosphere","trichocarpa"
"174","174",14035,"CTGTTACAGCGA","NA","E29","BESC148","susceptible","Clatskanie",7,"June","Root Endosphere","trichocarpa"
"175","175",10905,"ATTCTGCCGAAG","NA","E30","BESC148","susceptible","Clatskanie",12,"June","Root Endosphere","trichocarpa"
"176","176",3320,"GTAGCACTCATG","NA","E31","BESC148","susceptible","Corvallis",11,"June","Root Endosphere","trichocarpa"
"177","177",23628,"TAGACACCGTGT","NA","E32","BESC148","susceptible","Corvallis",8,"June","Root Endosphere","trichocarpa"
"178","178",29439,"CAGGATTCGTAC","NA","E33","BESC148","susceptible","Clatskanie",28,"June","Root Endosphere","trichocarpa"
"179","179",19908,"CGTAAGATGCCT","NA","E34","BESC261","resistant","Corvallis",16,"June","Root Endosphere","trichocarpa"
"180","180",5152,"ACATGTCACGTG","NA","E35","BESC261","resistant","Corvallis",3,"June","Root Endosphere","trichocarpa"
"181","181",49060,"TTAAGCGCCTGA","NA","E36","BESC261","resistant","Corvallis",9,"June","Root Endosphere","trichocarpa"
"182","182",108218,"AGACGTTGCTAC","NA","E37","BESC801","susceptible","Clatskanie",17,"June","Root Endosphere","trichocarpa"
"183","183",28046,"AGCCTCATGATG","NA","E38","BESC801","susceptible","Clatskanie",40,"June","Root Endosphere","trichocarpa"
"184","184",82192,"TCAGGACGTATC","NA","E39","BESC801","susceptible","Corvallis",6,"June","Root Endosphere","trichocarpa"
"185","185",20708,"TGTAACGCCGAT","NA","E40","BESC801","susceptible","Corvallis",10,"June","Root Endosphere","trichocarpa"
"186","186",23937,"TTGCAAGTACCG","NA","E41","BESC801","susceptible","Corvallis",15,"June","Root Endosphere","trichocarpa"
"187","187",68245,"ATAAGGTCGCCT","NA","E42","BESC835","resistant","Clatskanie",20,"June","Root Endosphere","trichocarpa"
"188","188",31661,"ACTAGTTGGACC","NA","E43","BESC835","resistant","Clatskanie",3,"June","Root Endosphere","trichocarpa"
"189","189",55676,"ATGCGAGACTTC","NA","E44","BESC835","resistant","Clatskanie",47,"June","Root Endosphere","trichocarpa"
"190","190",60688,"CTAAGACGTCGT","NA","E45","BESC835","resistant","Corvallis",17,"June","Root Endosphere","trichocarpa"
"191","191",13757,"CGTCCGTATGAA","NA","E46","BESC835","resistant","Corvallis",11,"June","Root Endosphere","trichocarpa"
"192","192",48691,"TAGTAGCACCTG","NA","E47","BESC835","resistant","Corvallis",9,"June","Root Endosphere","trichocarpa"
"97","97",341160,"GTCAGCCGTTAA","NA","LW24","BESC103","susceptible","Clatskanie",47,"June","Leaf Surface","trichocarpa"
"98","98",61720,"GGATACTCGCAT","NA","LW25","BESC103","susceptible","Corvallis",15,"June","Leaf Surface","trichocarpa"
"99","99",51785,"CTTGTGCGACAA","NA","LW26","BESC103","susceptible","Clatskanie",9,"June","Leaf Surface","trichocarpa"
"194","194",46602,"GGATACTCGCAT","NA","LW49","D411","resistant","Clatskanie",14,"June","Leaf Surface","trichocarpa"
"195","195",58065,"CTTGTGCGACAA","NA","LW50","D411","resistant","Clatskanie",23,"June","Leaf Surface","trichocarpa"
"196","196",34342,"TTGTAGCCGACA","NA","LW51","DD176","resistant","Clatskanie",12,"June","Leaf Surface","deltoides"
"197","197",8457,"TCAGCTGACTAG","NA","LW52","DD176","resistant","Clatskanie",7,"June","Leaf Surface","deltoides"
"198","198",13534,"TGGTCCTACAAG","NA","LW53","DD176","resistant","Clatskanie",15,"June","Leaf Surface","deltoides"
"199","199",4825,"TAAGTCGGCCTA","NA","LW54","GW9823","resistant","Corvallis",7,"June","Leaf Surface","trichocarpa"
"200","200",43726,"TGCATACACTGG","NA","LW55","GW9823","resistant","Clatskanie",48,"June","Leaf Surface","trichocarpa"
"201","201",100613,"TAGAAGGCTCCT","NA","LW56","GW9823","resistant","Clatskanie",12,"June","Leaf Surface","trichocarpa"
"203","203",26906,"CAGCTGGTTCAA","NA","LW58","GW9823","resistant","Corvallis",3,"June","Leaf Surface","trichocarpa"
"204","204",92481,"TAGCGTTCCAGA","NA","LW59","BESC71","susceptible","Clatskanie",26,"Sept.","Leaf Surface","trichocarpa"
"205","205",59705,"CCAGAAGTGTTC","NA","LW60","BESC71","susceptible","Corvallis",15,"Sept.","Leaf Surface","trichocarpa"
"206","206",41342,"ACGATCATCTGG","NA","LW61","BESC71","susceptible","Clatskanie",45,"Sept.","Leaf Surface","trichocarpa"
"207","207",156229,"CCTGCGAAGTAT","NA","LW62","BESC71","susceptible","Corvallis",11,"Sept.","Leaf Surface","trichocarpa"
"208","208",87281,"TACGCGTACAGT","NA","LW63","BESC71","susceptible","Clatskanie",6,"Sept.","Leaf Surface","trichocarpa"
"209","209",138394,"CCGTCAAGATGT","NA","LW64","BESC71","susceptible","Corvallis",4,"Sept.","Leaf Surface","trichocarpa"
"210","210",83169,"TACACGCTGATG","NA","LW65","BESC103","susceptible","Corvallis",2,"Sept.","Leaf Surface","trichocarpa"
"211","211",35524,"ATTGGACACGCT","NA","LW66","BESC103","susceptible","Clatskanie",37,"Sept.","Leaf Surface","trichocarpa"
"212","212",129615,"CTACTAGCGGTA","NA","LW67","BESC103","susceptible","Clatskanie",17,"Sept.","Leaf Surface","trichocarpa"
"213","213",97129,"ACGTGCCTTAGA","NA","LW68","BESC103","susceptible","Corvallis",13,"Sept.","Leaf Surface","trichocarpa"
"214","214",171474,"CGGTTCACATAG","NA","LW69","BESC103","susceptible","Corvallis",18,"Sept.","Leaf Surface","trichocarpa"
"215","215",121336,"GTAACGGCTCTA","NA","LW70","BESC103","susceptible","Clatskanie",18,"Sept.","Leaf Surface","trichocarpa"
"216","216",82574,"TTAGAGCCATGC","NA","LW71","BESC148","susceptible","Clatskanie",6,"Sept.","Leaf Surface","trichocarpa"
"217","217",125301,"GTACGCACAGTT","NA","R48","D411","resistant","Clatskanie",6,"June","Rhizosphere","trichocarpa"
"218","218",109000,"GACTAGTCAGCT","NA","R49","D411","resistant","Clatskanie",14,"June","Rhizosphere","trichocarpa"
"219","219",182640,"CTCTGAGGTAAC","NA","R50","D411","resistant","Clatskanie",23,"June","Rhizosphere","trichocarpa"
"220","220",135846,"TCACTGCTAGGA","NA","R51","DD176","resistant","Clatskanie",12,"June","Rhizosphere","deltoides"
"221","221",124914,"TCCAGATAGCGT","NA","R52","DD176","resistant","Clatskanie",7,"June","Rhizosphere","deltoides"
"222","222",210182,"GCTCACAATGTG","NA","R53","DD176","resistant","Clatskanie",15,"June","Rhizosphere","deltoides"
"223","223",116747,"TAATCGGTGCCA","NA","R54","GW9823","resistant","Corvallis",7,"June","Rhizosphere","trichocarpa"
"224","224",140999,"GATTGTGCAACC","NA","R55","GW9823","resistant","Clatskanie",48,"June","Rhizosphere","trichocarpa"
"225","225",150157,"ACGCAATGTCTG","NA","R56","GW9823","resistant","Clatskanie",12,"June","Rhizosphere","trichocarpa"
"226","226",151781,"GCTATGGAACTC","NA","R57","GW9823","resistant","Corvallis",12,"June","Rhizosphere","trichocarpa"
"227","227",128086,"TTCGCAGATACG","NA","R58","GW9823","resistant","Corvallis",3,"June","Rhizosphere","trichocarpa"
"228","228",165298,"GCTATATCCAGG","NA","R59","BESC71","susceptible","Clatskanie",26,"Sept.","Rhizosphere","trichocarpa"
"229","229",140198,"TCGCATGGATAC","NA","R60","BESC71","susceptible","Corvallis",15,"Sept.","Rhizosphere","trichocarpa"
"230","230",129092,"AGTATTCGCGCA","NA","R61","BESC71","susceptible","Clatskanie",45,"Sept.","Rhizosphere","trichocarpa"
"231","231",112681,"GGTAACCTCTGA","NA","R62","BESC71","susceptible","Corvallis",11,"Sept.","Rhizosphere","trichocarpa"
"232","232",112865,"AGCGAACCTGTT","NA","R63","BESC71","susceptible","Clatskanie",6,"Sept.","Rhizosphere","trichocarpa"
"233","233",122670,"GTCTTCAGCAAG","NA","R64","BESC71","susceptible","Corvallis",4,"Sept.","Rhizosphere","trichocarpa"
"234","234",136057,"CTTAGAACGTGC","NA","R65","BESC103","susceptible","Corvallis",2,"Sept.","Rhizosphere","trichocarpa"
"235","235",112184,"GACTTCATGCGA","NA","R66","BESC103","susceptible","Clatskanie",37,"Sept.","Rhizosphere","trichocarpa"
"236","236",153424,"CCATGCTTAGAG","NA","R67","BESC103","susceptible","Clatskanie",17,"Sept.","Rhizosphere","trichocarpa"
"237","237",175717,"GCGTCCATGAAT","NA","R68","BESC103","susceptible","Corvallis",13,"Sept.","Rhizosphere","trichocarpa"
"238","238",124323,"CGATAGGCCTTA","NA","R69","BESC103","susceptible","Corvallis",18,"Sept.","Rhizosphere","trichocarpa"
"239","239",115999,"GAGAGTCCACTT","NA","R70","BESC103","susceptible","Clatskanie",18,"Sept.","Rhizosphere","trichocarpa"
"240","240",120152,"TAAGGCATCGCT","NA","R71","BESC148","susceptible","Clatskanie",6,"Sept.","Rhizosphere","trichocarpa"
"241","241",6663,"TATGAACGTCCG","NA","L48","D411","resistant","Clatskanie",6,"June","Leaf Endosphere","trichocarpa"
"243","243",4289,"CCTAGTAAGCTG","NA","L50","D411","resistant","Clatskanie",23,"June","Leaf Endosphere","trichocarpa"
"245","245",6910,"CTAGGATCACTG","NA","L52","DD176","resistant","Clatskanie",7,"June","Leaf Endosphere","deltoides"
"246","246",1534,"GAGCCATCTGTA","NA","L53","DD176","resistant","Clatskanie",15,"June","Leaf Endosphere","deltoides"
"250","250",2215,"ATGGCCTGACTA","NA","L57","GW9823","resistant","Corvallis",12,"June","Leaf Endosphere","trichocarpa"
"252","252",1694,"CACGATGGTCAT","NA","L59","BESC71","susceptible","Clatskanie",26,"Sept.","Leaf Endosphere","trichocarpa"
"256","256",8700,"TTGACGACATCG","NA","L63","BESC71","susceptible","Clatskanie",6,"Sept.","Leaf Endosphere","trichocarpa"
"257","257",19557,"TCTGTAGAGCCA","NA","L64","BESC71","susceptible","Corvallis",4,"Sept.","Leaf Endosphere","trichocarpa"
"265","265",56263,"GATACGTTCGCA","NA","E48","D411","resistant","Clatskanie",6,"June","Root Endosphere","trichocarpa"
"267","267",73829,"TCGTGACGCTAA","NA","E50","D411","resistant","Clatskanie",23,"June","Root Endosphere","trichocarpa"
"268","268",48373,"GCTCCTTAGAAG","NA","E51","DD176","resistant","Clatskanie",12,"June","Root Endosphere","deltoides"
"269","269",37272,"TATTCAGCGGAC","NA","E52","DD176","resistant","Clatskanie",7,"June","Root Endosphere","deltoides"
"270","270",71591,"CTGTTACAGCGA","NA","E53","DD176","resistant","Clatskanie",15,"June","Root Endosphere","deltoides"
"271","271",69230,"ATTCTGCCGAAG","NA","E54","GW9823","resistant","Corvallis",7,"June","Root Endosphere","trichocarpa"
"272","272",36529,"GTAGCACTCATG","NA","E55","GW9823","resistant","Clatskanie",48,"June","Root Endosphere","trichocarpa"
"273","273",138792,"TAGACACCGTGT","NA","E56","GW9823","resistant","Clatskanie",12,"June","Root Endosphere","trichocarpa"
"274","274",201116,"CAGGATTCGTAC","NA","E57","GW9823","resistant","Corvallis",12,"June","Root Endosphere","trichocarpa"
"275","275",167081,"CGTAAGATGCCT","NA","E58","GW9823","resistant","Corvallis",3,"June","Root Endosphere","trichocarpa"
"276","276",75636,"ACATGTCACGTG","NA","E59","BESC71","susceptible","Clatskanie",26,"Sept.","Root Endosphere","trichocarpa"
"277","277",14582,"TTAAGCGCCTGA","NA","E60","BESC71","susceptible","Corvallis",15,"Sept.","Root Endosphere","trichocarpa"
"279","279",19906,"AGCCTCATGATG","NA","E62","BESC71","susceptible","Corvallis",11,"Sept.","Root Endosphere","trichocarpa"
"280","280",45655,"TCAGGACGTATC","NA","E63","BESC71","susceptible","Clatskanie",6,"Sept.","Root Endosphere","trichocarpa"
"281","281",40915,"TGTAACGCCGAT","NA","E64","BESC71","susceptible","Corvallis",4,"Sept.","Root Endosphere","trichocarpa"
"282","282",32539,"TTGCAAGTACCG","NA","E65","BESC103","susceptible","Corvallis",2,"Sept.","Root Endosphere","trichocarpa"
"283","283",15580,"ATAAGGTCGCCT","NA","E66","BESC103","susceptible","Clatskanie",37,"Sept.","Root Endosphere","trichocarpa"
"285","285",399834,"ATGCGAGACTTC","NA","E68","BESC103","susceptible","Corvallis",13,"Sept.","Root Endosphere","trichocarpa"
"286","286",162847,"CTAAGACGTCGT","NA","E69","BESC103","susceptible","Corvallis",18,"Sept.","Root Endosphere","trichocarpa"
"287","287",16557,"CGTCCGTATGAA","NA","E70","BESC103","susceptible","Clatskanie",18,"Sept.","Root Endosphere","trichocarpa"
"288","288",8560,"TAGTAGCACCTG","NA","E71","BESC148","susceptible","Clatskanie",6,"Sept.","Root Endosphere","trichocarpa"
"289","289",21053,"GTCAGCCGTTAA","NA","LW72","BESC148","susceptible","Clatskanie",26,"Sept.","Leaf Surface","trichocarpa"
"290","290",34500,"GGATACTCGCAT","NA","LW73","BESC148","susceptible","Corvallis",10,"Sept.","Leaf Surface","trichocarpa"
"291","291",44631,"CTTGTGCGACAA","NA","LW74","BESC148","susceptible","Clatskanie",13,"Sept.","Leaf Surface","trichocarpa"
"292","292",98721,"TTGTAGCCGACA","NA","LW75","BESC148","susceptible","Corvallis",12,"Sept.","Leaf Surface","trichocarpa"
"293","293",59887,"TCAGCTGACTAG","NA","LW76","BESC148","susceptible","Corvallis",13,"Sept.","Leaf Surface","trichocarpa"
"294","294",99066,"TGGTCCTACAAG","NA","LW77","BESC261","resistant","Corvallis",8,"Sept.","Leaf Surface","trichocarpa"
"295","295",112857,"TAAGTCGGCCTA","NA","LW78","BESC261","resistant","Corvallis",14,"Sept.","Leaf Surface","trichocarpa"
"296","296",75373,"TGCATACACTGG","NA","LW79","BESC261","resistant","Corvallis",5,"Sept.","Leaf Surface","trichocarpa"
"297","297",39963,"TAGAAGGCTCCT","NA","LW80","BESC801","susceptible","Clatskanie",33,"Sept.","Leaf Surface","trichocarpa"
"298","298",65046,"CTCATGGTAGCA","NA","LW81","BESC801","susceptible","Corvallis",18,"Sept.","Leaf Surface","trichocarpa"
"299","299",11482,"CAGCTGGTTCAA","NA","LW82","BESC801","susceptible","Clatskanie",21,"Sept.","Leaf Surface","trichocarpa"
"300","300",18747,"TAGCGTTCCAGA","NA","LW83","BESC801","susceptible","Corvallis",5,"Sept.","Leaf Surface","trichocarpa"
"301","301",19247,"CCAGAAGTGTTC","NA","LW84","BESC801","susceptible","Corvallis",12,"Sept.","Leaf Surface","trichocarpa"
"302","302",126255,"ACGATCATCTGG","NA","LW85","BESC801","susceptible","Clatskanie",6,"Sept.","Leaf Surface","trichocarpa"
"303","303",8727,"CCTGCGAAGTAT","NA","LW86","BESC835","resistant","Corvallis",3,"Sept.","Leaf Surface","trichocarpa"
"304","304",103767,"TACGCGTACAGT","NA","LW87","BESC835","resistant","Clatskanie",43,"Sept.","Leaf Surface","trichocarpa"
"305","305",99112,"CCGTCAAGATGT","NA","LW88","BESC835","resistant","Clatskanie",88,"Sept.","Leaf Surface","trichocarpa"
"306","306",111073,"TACACGCTGATG","NA","LW89","BESC835","resistant","Corvallis",10,"Sept.","Leaf Surface","trichocarpa"
"307","307",130148,"ATTGGACACGCT","NA","LW90","BESC835","resistant","Corvallis",15,"Sept.","Leaf Surface","trichocarpa"
"308","308",118622,"CTACTAGCGGTA","NA","LW91","BESC835","resistant","Clatskanie",12,"Sept.","Leaf Surface","trichocarpa"
"309","309",128978,"ACGTGCCTTAGA","NA","LW92","D411","resistant","Clatskanie",24,"Sept.","Leaf Surface","trichocarpa"
"310","310",144221,"CGGTTCACATAG","NA","LW93","D411","resistant","Clatskanie",2,"Sept.","Leaf Surface","trichocarpa"
"311","311",119518,"GTAACGGCTCTA","NA","LW94","D411","resistant","Clatskanie",16,"Sept.","Leaf Surface","trichocarpa"
"312","312",143366,"TTAGAGCCATGC","NA","LW95","DD176","resistant","Clatskanie",1,"Sept.","Leaf Surface","deltoides"
"313","313",130396,"GTACGCACAGTT","NA","R72","BESC148","susceptible","Clatskanie",26,"Sept.","Rhizosphere","trichocarpa"
"314","314",78222,"GACTAGTCAGCT","NA","R73","BESC148","susceptible","Corvallis",10,"Sept.","Rhizosphere","trichocarpa"
"315","315",96405,"CTCTGAGGTAAC","NA","R74","BESC148","susceptible","Clatskanie",13,"Sept.","Rhizosphere","trichocarpa"
"316","316",108096,"TCACTGCTAGGA","NA","R75","BESC148","susceptible","Corvallis",12,"Sept.","Rhizosphere","trichocarpa"
"317","317",92167,"TCCAGATAGCGT","NA","R76","BESC148","susceptible","Corvallis",13,"Sept.","Rhizosphere","trichocarpa"
"318","318",118768,"GCTCACAATGTG","NA","R77","BESC261","resistant","Corvallis",8,"Sept.","Rhizosphere","trichocarpa"
"319","319",116221,"TAATCGGTGCCA","NA","R78","BESC261","resistant","Corvallis",14,"Sept.","Rhizosphere","trichocarpa"
"320","320",136444,"GATTGTGCAACC","NA","R79","BESC261","resistant","Corvallis",5,"Sept.","Rhizosphere","trichocarpa"
"321","321",121184,"ACGCAATGTCTG","NA","R80","BESC801","susceptible","Clatskanie",33,"Sept.","Rhizosphere","trichocarpa"
"322","322",73188,"GCTATGGAACTC","NA","R81","BESC801","susceptible","Corvallis",18,"Sept.","Rhizosphere","trichocarpa"
"323","323",117728,"TTCGCAGATACG","NA","R82","BESC801","susceptible","Clatskanie",21,"Sept.","Rhizosphere","trichocarpa"
"324","324",130753,"GCTATATCCAGG","NA","R83","BESC801","susceptible","Corvallis",5,"Sept.","Rhizosphere","trichocarpa"
"325","325",111797,"TCGCATGGATAC","NA","R84","BESC801","susceptible","Corvallis",12,"Sept.","Rhizosphere","trichocarpa"
"326","326",133165,"AGTATTCGCGCA","NA","R85","BESC801","susceptible","Clatskanie",6,"Sept.","Rhizosphere","trichocarpa"
"327","327",115267,"GGTAACCTCTGA","NA","R86","BESC835","resistant","Corvallis",3,"Sept.","Rhizosphere","trichocarpa"
"328","328",139958,"AGCGAACCTGTT","NA","R87","BESC835","resistant","Clatskanie",43,"Sept.","Rhizosphere","trichocarpa"
"329","329",57206,"GTCTTCAGCAAG","NA","R88","BESC835","resistant","Clatskanie",88,"Sept.","Rhizosphere","trichocarpa"
"330","330",58888,"CTTAGAACGTGC","NA","R89","BESC835","resistant","Corvallis",10,"Sept.","Rhizosphere","trichocarpa"
"331","331",69635,"GACTTCATGCGA","NA","R90","BESC835","resistant","Corvallis",15,"Sept.","Rhizosphere","trichocarpa"
"332","332",61490,"CCATGCTTAGAG","NA","R91","BESC835","resistant","Clatskanie",12,"Sept.","Rhizosphere","trichocarpa"
"333","333",54497,"GCGTCCATGAAT","NA","R92","D411","resistant","Clatskanie",24,"Sept.","Rhizosphere","trichocarpa"
"334","334",70755,"CGATAGGCCTTA","NA","R93","D411","resistant","Clatskanie",2,"Sept.","Rhizosphere","trichocarpa"
"335","335",78082,"GAGAGTCCACTT","NA","R94","D411","resistant","Clatskanie",16,"Sept.","Rhizosphere","trichocarpa"
"336","336",73847,"TAAGGCATCGCT","NA","R95","DD176","resistant","Clatskanie",1,"Sept.","Rhizosphere","deltoides"
"338","338",5729,"GCATTACTGGAC","NA","L73","BESC148","susceptible","Corvallis",10,"Sept.","Leaf Endosphere","trichocarpa"
"339","339",13022,"CCTAGTAAGCTG","NA","L74","BESC148","susceptible","Clatskanie",13,"Sept.","Leaf Endosphere","trichocarpa"
"340","340",8293,"TTACCGACGAGT","NA","L75","BESC148","susceptible","Corvallis",12,"Sept.","Leaf Endosphere","trichocarpa"
"341","341",3834,"CTAGGATCACTG","NA","L76","BESC148","susceptible","Corvallis",13,"Sept.","Leaf Endosphere","trichocarpa"
"342","342",8702,"GAGCCATCTGTA","NA","L77","BESC261","resistant","Corvallis",8,"Sept.","Leaf Endosphere","trichocarpa"
"343","343",6147,"GCGGACTATTCA","NA","L78","BESC261","resistant","Corvallis",14,"Sept.","Leaf Endosphere","trichocarpa"
"344","344",5202,"CGTGCACAATTG","NA","L79","BESC261","resistant","Corvallis",5,"Sept.","Leaf Endosphere","trichocarpa"
"345","345",13975,"AACTCCTGTGGA","NA","L80","BESC801","susceptible","Clatskanie",33,"Sept.","Leaf Endosphere","trichocarpa"
"346","346",3203,"ATGGCCTGACTA","NA","L81","BESC801","susceptible","Corvallis",18,"Sept.","Leaf Endosphere","trichocarpa"
"347","347",3838,"GGCCTATAAGTC","NA","L82","BESC801","susceptible","Clatskanie",21,"Sept.","Leaf Endosphere","trichocarpa"
"348","348",10811,"CACGATGGTCAT","NA","L83","BESC801","susceptible","Corvallis",5,"Sept.","Leaf Endosphere","trichocarpa"
"349","349",13916,"ATCGCTTAAGGC","NA","L84","BESC801","susceptible","Corvallis",12,"Sept.","Leaf Endosphere","trichocarpa"
"350","350",19189,"GTGAGTCATACC","NA","L85","BESC801","susceptible","Clatskanie",6,"Sept.","Leaf Endosphere","trichocarpa"
"351","351",8170,"TAGAGCTGCCAT","NA","L86","BESC835","resistant","Corvallis",3,"Sept.","Leaf Endosphere","trichocarpa"
"352","352",6498,"TTGACGACATCG","NA","L87","BESC835","resistant","Clatskanie",43,"Sept.","Leaf Endosphere","trichocarpa"
"353","353",6859,"TCTGTAGAGCCA","NA","L88","BESC835","resistant","Clatskanie",88,"Sept.","Leaf Endosphere","trichocarpa"
"354","354",16468,"AGTGGCACTATC","NA","L89","BESC835","resistant","Corvallis",10,"Sept.","Leaf Endosphere","trichocarpa"
"355","355",11465,"CTGCATACTGAG","NA","L90","BESC835","resistant","Corvallis",15,"Sept.","Leaf Endosphere","trichocarpa"
"356","356",16257,"AGCTTCGACAGT","NA","L91","BESC835","resistant","Clatskanie",12,"Sept.","Leaf Endosphere","trichocarpa"
"357","357",4504,"GCACCTGTTGAA","NA","L92","D411","resistant","Clatskanie",24,"Sept.","Leaf Endosphere","trichocarpa"
"358","358",7429,"GCTCGAAGATTC","NA","L93","D411","resistant","Clatskanie",2,"Sept.","Leaf Endosphere","trichocarpa"
"359","359",4895,"CCGACATTGTAG","NA","L94","D411","resistant","Clatskanie",16,"Sept.","Leaf Endosphere","trichocarpa"
"361","361",20180,"GATACGTTCGCA","NA","E72","BESC148","susceptible","Clatskanie",26,"Sept.","Root Endosphere","trichocarpa"
"362","362",27640,"TGAACTAGCGTC","NA","E73","BESC148","susceptible","Corvallis",10,"Sept.","Root Endosphere","trichocarpa"
"363","363",18647,"TCGTGACGCTAA","NA","E74","BESC148","susceptible","Clatskanie",13,"Sept.","Root Endosphere","trichocarpa"
"364","364",18226,"GCTCCTTAGAAG","NA","E75","BESC148","susceptible","Corvallis",12,"Sept.","Root Endosphere","trichocarpa"
"365","365",10710,"TATTCAGCGGAC","NA","E76","BESC148","susceptible","Corvallis",13,"Sept.","Root Endosphere","trichocarpa"
"366","366",16145,"CTGTTACAGCGA","NA","E77","BESC261","resistant","Corvallis",8,"Sept.","Root Endosphere","trichocarpa"
"367","367",7098,"ATTCTGCCGAAG","NA","E78","BESC261","resistant","Corvallis",14,"Sept.","Root Endosphere","trichocarpa"
"368","368",60291,"GTAGCACTCATG","NA","E79","BESC261","resistant","Corvallis",5,"Sept.","Root Endosphere","trichocarpa"
"369","369",23786,"TAGACACCGTGT","NA","E80","BESC801","susceptible","Clatskanie",33,"Sept.","Root Endosphere","trichocarpa"
"370","370",21038,"CAGGATTCGTAC","NA","E81","BESC801","susceptible","Corvallis",18,"Sept.","Root Endosphere","trichocarpa"
"371","371",44452,"CGTAAGATGCCT","NA","E82","BESC801","susceptible","Clatskanie",21,"Sept.","Root Endosphere","trichocarpa"
"372","372",158797,"ACATGTCACGTG","NA","E83","BESC801","susceptible","Corvallis",5,"Sept.","Root Endosphere","trichocarpa"
"373","373",20638,"TTAAGCGCCTGA","NA","E84","BESC801","susceptible","Corvallis",12,"Sept.","Root Endosphere","trichocarpa"
"374","374",24233,"AGACGTTGCTAC","NA","E85","BESC801","susceptible","Clatskanie",6,"Sept.","Root Endosphere","trichocarpa"
"375","375",9293,"AGCCTCATGATG","NA","E86","BESC835","resistant","Corvallis",3,"Sept.","Root Endosphere","trichocarpa"
"376","376",25677,"TCAGGACGTATC","NA","E87","BESC835","resistant","Clatskanie",43,"Sept.","Root Endosphere","trichocarpa"
"377","377",7237,"TGTAACGCCGAT","NA","E88","BESC835","resistant","Clatskanie",88,"Sept.","Root Endosphere","trichocarpa"
"378","378",12302,"TTGCAAGTACCG","NA","E89","BESC835","resistant","Corvallis",10,"Sept.","Root Endosphere","trichocarpa"
"379","379",11451,"ATAAGGTCGCCT","NA","E90","BESC835","resistant","Corvallis",15,"Sept.","Root Endosphere","trichocarpa"
"380","380",21748,"ACTAGTTGGACC","NA","E91","BESC835","resistant","Clatskanie",12,"Sept.","Root Endosphere","trichocarpa"
"381","381",14200,"ATGCGAGACTTC","NA","E92","D411","resistant","Clatskanie",24,"Sept.","Root Endosphere","trichocarpa"
"382","382",29468,"CTAAGACGTCGT","NA","E93","D411","resistant","Clatskanie",2,"Sept.","Root Endosphere","trichocarpa"
"383","383",13603,"CGTCCGTATGAA","NA","E94","D411","resistant","Clatskanie",16,"Sept.","Root Endosphere","trichocarpa"
"384","384",18692,"TAGTAGCACCTG","NA","E95","DD176","resistant","Clatskanie",1,"Sept.","Root Endosphere","deltoides"
"E100","E100",22266,"GACTTCATGCGA",NA,"E100","GW9823","resistant","Clatskanie",4,"Sept.","Root Endosphere","trichocarpa"
"E101","E101",2701,"CCATGCTTAGAG",NA,"E101","GW9823","resistant","Corvallis",4,"Sept.","Root Endosphere","trichocarpa"
"E102","E102",6503,"GCGTCCATGAAT",NA,"E102","GW9823","resistant","Clatskanie",53,"Sept.","Root Endosphere","trichocarpa"
"E103","E103",15081,"CGATAGGCCTTA",NA,"E103","GW9823","resistant","Corvallis",9,"Sept.","Root Endosphere","trichocarpa"
"E11","E11",24707,"CCTAGTAAGCTG",NA,"E11","GW9823","resistant","Clatskanie",2,"T0","Root Endosphere","trichocarpa"
"E15","E15",22949,"TTACCGACGAGT",NA,"E15","BESC22","resistant","Corvallis",9,"June","Root Endosphere","trichocarpa"
"E16","E16",10654,"CTAGGATCACTG",NA,"E16","BESC22","resistant","Corvallis",6,"June","Root Endosphere","trichocarpa"
"E20","E20",31560,"GAGCCATCTGTA",NA,"E20","BESC71","susceptible","Corvallis",16,"June","Root Endosphere","trichocarpa"
"E21","E21",28661,"GCGGACTATTCA",NA,"E21","BESC71","susceptible","Clatskanie",4,"June","Root Endosphere","trichocarpa"
"E3","E3",26838,"GAGAGTCCACTT",NA,"E3","BESC148","susceptible","Clatskanie",1,"T0","Root Endosphere","trichocarpa"
"E49","E49",2171,"AACTCCTGTGGA",NA,"E49","D411","resistant","Clatskanie",14,"June","Root Endosphere","trichocarpa"
"E5","E5",19626,"TAAGGCATCGCT",NA,"E5","BESC801","susceptible","Clatskanie",2,"T0","Root Endosphere","trichocarpa"
"E6","E6",8198,"TATGAACGTCCG",NA,"E6","BESC835","resistant","Clatskanie",2,"T0","Root Endosphere","trichocarpa"
"E61","E61",9233,"ATGGCCTGACTA",NA,"E61","BESC71","susceptible","Clatskanie",45,"Sept.","Root Endosphere","trichocarpa"
"E67","E67",4473,"GGCCTATAAGTC",NA,"E67","BESC103","susceptible","Clatskanie",17,"Sept.","Root Endosphere","trichocarpa"
"E9","E9",19758,"GCATTACTGGAC",NA,"E9","D411","resistant","WV",2,"T0","Root Endosphere","trichocarpa"
"E96","E96",14987,"GGTAACCTCTGA",NA,"E96","DD176","resistant","WV",13,"Sept.","Root Endosphere","deltoides"
"E97","E97",4255,"AGCGAACCTGTT",NA,"E97","DD176","resistant","WV",18,"Sept.","Root Endosphere","deltoides"
"E98","E98",8812,"GTCTTCAGCAAG",NA,"E98","GW9823","resistant","Corvallis",11,"Sept.","Root Endosphere","trichocarpa"
"E99","E99",34035,"CTTAGAACGTGC",NA,"E99","GW9823","resistant","Clatskanie",23,"Sept.","Root Endosphere","trichocarpa"
"L100","L100",12785,"TTCGCAGATACG",NA,"L100","GW9823","resistant","Clatskanie",4,"Sept.","Leaf Endosphere","trichocarpa"
"L101","L101",20759,"GCTATATCCAGG",NA,"L101","GW9823","resistant","Corvallis",4,"Sept.","Leaf Endosphere","trichocarpa"
"L102","L102",28740,"TCGCATGGATAC",NA,"L102","GW9823","resistant","Clatskanie",53,"Sept.","Leaf Endosphere","trichocarpa"
"L103","L103",26096,"AGTATTCGCGCA",NA,"L103","GW9823","resistant","Corvallis",9,"Sept.","Leaf Endosphere","trichocarpa"
"L14","L14",3073,"CTATTAAGCGGC",NA,"L14","BESC22","resistant","Corvallis",14,"June","Leaf Endosphere","trichocarpa"
"L15","L15",18546,"GATACGTTCGCA",NA,"L15","BESC22","resistant","Corvallis",9,"June","Leaf Endosphere","trichocarpa"
"L96","L96",9980,"TAATCGGTGCCA",NA,"L96","DD176","resistant","WV",13,"Sept.","Leaf Endosphere","deltoides"
"L97","L97",13300,"GATTGTGCAACC",NA,"L97","DD176","resistant","WV",18,"Sept.","Leaf Endosphere","deltoides"
"L98","L98",13443,"ACGCAATGTCTG",NA,"L98","GW9823","resistant","Corvallis",11,"Sept.","Leaf Endosphere","trichocarpa"
"L99","L99",23534,"GCTATGGAACTC",NA,"L99","GW9823","resistant","Clatskanie",23,"Sept.","Leaf Endosphere","trichocarpa"
"LW1_5","LW1_5",12423,"TACACGCTGATG",NA,"LW1_5","BESC71","susceptible","Clatskanie",2,"T0","Leaf Surface","trichocarpa"
"LW1","LW1",24512,"CCGTCAAGATGT",NA,"LW1","BESC71","susceptible","Clatskanie",1,"T0","Leaf Surface","trichocarpa"
"LW100","LW100",35477,"TCAGCTGACTAG",NA,"LW100","GW9823","resistant","Clatskanie",4,"Sept.","Leaf Surface","trichocarpa"
"LW101","LW101",46946,"TGGTCCTACAAG",NA,"LW101","GW9823","resistant","Corvallis",4,"Sept.","Leaf Surface","trichocarpa"
"LW102","LW102",87742,"TAAGTCGGCCTA",NA,"LW102","GW9823","resistant","Clatskanie",53,"Sept.","Leaf Surface","trichocarpa"
"LW103","LW103",62816,"TGCATACACTGG",NA,"LW103","GW9823","resistant","Corvallis",9,"Sept.","Leaf Surface","trichocarpa"
"LW12","LW12",36902,"TTAGAGCCATGC",NA,"LW12","DD176","resistant","WV",2,"T0","Leaf Surface","deltoides"
"LW13","LW13",15542,"GTACGCACAGTT",NA,"LW13","DD176","resistant","WV",1,"T0","Leaf Surface","deltoides"
"LW16","LW16",46284,"GACTAGTCAGCT",NA,"LW16","BESC22","resistant","Corvallis",6,"June","Leaf Surface","trichocarpa"
"LW2","LW2",27675,"ATTGGACACGCT",NA,"LW2","BESC148","susceptible","Clatskanie",2,"T0","Leaf Surface","trichocarpa"
"LW3","LW3",26863,"CTACTAGCGGTA",NA,"LW3","BESC148","susceptible","Clatskanie",1,"T0","Leaf Surface","trichocarpa"
"LW5","LW5",17768,"CGGTTCACATAG",NA,"LW5","BESC801","susceptible","Clatskanie",2,"T0","Leaf Surface","trichocarpa"
"LW57","LW57",16115,"GCTCACAATGTG",NA,"LW57","GW9823","resistant","Corvallis",12,"June","Leaf Surface","trichocarpa"
"LW7","LW7",5120,"CTCTGAGGTAAC",NA,"LW7","BESC835","resistant","Clatskanie",1,"T0","Leaf Surface","trichocarpa"
"LW8","LW8",10998,"TCACTGCTAGGA",NA,"LW8","D411","resistant","WV",1,"T0","Leaf Surface","trichocarpa"
"LW96","LW96",61601,"GTCAGCCGTTAA",NA,"LW96","DD176","resistant","WV",13,"Sept.","Leaf Surface","deltoides"
"LW97","LW97",23493,"GGATACTCGCAT",NA,"LW97","DD176","resistant","WV",18,"Sept.","Leaf Surface","deltoides"
"LW98","LW98",94630,"CTTGTGCGACAA",NA,"LW98","GW9823","resistant","Corvallis",11,"Sept.","Leaf Surface","trichocarpa"
"LW99","LW99",43328,"TTGTAGCCGACA",NA,"LW99","GW9823","resistant","Clatskanie",23,"Sept.","Leaf Surface","trichocarpa"
"R100","R100",52985,"CCAGAAGTGTTC",NA,"R100","GW9823","resistant","Clatskanie",4,"Sept.","Rhizosphere","trichocarpa"
"R101","R101",61071,"ACGATCATCTGG",NA,"R101","GW9823","resistant","Corvallis",4,"Sept.","Rhizosphere","trichocarpa"
"R102","R102",66633,"CCTGCGAAGTAT",NA,"R102","GW9823","resistant","Clatskanie",53,"Sept.","Rhizosphere","trichocarpa"
"R103","R103",63505,"TACGCGTACAGT",NA,"R103","GW9823","resistant","Corvallis",9,"Sept.","Rhizosphere","trichocarpa"
"R96","R96",51683,"TAGAAGGCTCCT",NA,"R96","DD176","resistant","WV",13,"Sept.","Rhizosphere","deltoides"
"R97","R97",35214,"CTCATGGTAGCA",NA,"R97","DD176","resistant","WV",18,"Sept.","Rhizosphere","deltoides"
"R98","R98",52347,"CAGCTGGTTCAA",NA,"R98","GW9823","resistant","Corvallis",11,"Sept.","Rhizosphere","trichocarpa"
"R99","R99",44424,"TAGCGTTCCAGA",NA,"R99","GW9823","resistant","Clatskanie",23,"Sept.","Rhizosphere","trichocarpa"
"Run6_L25","Run6_L25",5384,"TAGCGTTCCAGA",NA,"L25","BESC103","susceptible","Corvallis",15,"June","Leaf Endosphere","trichocarpa"
"Run6_L45","Run6_L45",2851,"TTAGAGCCATGC",NA,"L45","BESC835","resistant","Corvallis",17,"June","Leaf Endosphere","trichocarpa"
"Run6_L46","Run6_L46",12532,"GTACGCACAGTT",NA,"L46","BESC835","resistant","Corvallis",11,"June","Leaf Endosphere","trichocarpa"
"Run6_L49","Run6_L49",4612,"GATACGTTCGCA",NA,"L49","D411","resistant","Clatskanie",14,"June","Leaf Endosphere","trichocarpa"
"Run6_L5","Run6_L5",6870,"GGATACTCGCAT",NA,"L5","BESC801","susceptible","Clatskanie",2,"T0","Leaf Endosphere","trichocarpa"
"Run6_L54","Run6_L54",10217,"GCTCCTTAGAAG",NA,"L54","GW9823","resistant","Corvallis",7,"June","Leaf Endosphere","trichocarpa"
"Run6_L55","Run6_L55",2676,"TATTCAGCGGAC",NA,"L55","GW9823","resistant","Clatskanie",48,"June","Leaf Endosphere","trichocarpa"
"Run6_L61","Run6_L61",2275,"CAGGATTCGTAC",NA,"L61","BESC71","susceptible","Clatskanie",45,"Sept.","Leaf Endosphere","trichocarpa"
"Run6_L70","Run6_L70",11147,"TGTAACGCCGAT",NA,"L70","BESC103","susceptible","Clatskanie",18,"Sept.","Leaf Endosphere","trichocarpa"
"Run6_L72","Run6_L72",9041,"ATAAGGTCGCCT",NA,"L72","BESC148","susceptible","Clatskanie",26,"Sept.","Leaf Endosphere","trichocarpa"
